107	0	eRZr_ZhHebnh	9	510	511	multiple authors?	"This use of the commas to seaprate citations and slash to indicate joint authors (I assume) is idiosyncratic. Use semicolon to separate multiple citations. use commas and ampersands to list multiple authors. Change throughout."
107	1	eRZr_ZhHebnh	9	945	946	Capital?	"Cf. Ch 2, 6.1"
107	2	eRZr_ZhHebnh	13	2147	2148	comma	""
107	3	eRZr_ZhHebnh	8	227	242	Small caps	""
107	4	eRZr_ZhHebnh	9	2252	2253	add comma	""
107	5	eRZr_ZhHebnh	11	2351	2361	Plural?	""
107	6	eRZr_ZhHebnh	12	2395	2396	comma	""
107	7	eRZr_ZhHebnh	13	2071	2073	strike	"remove the subject"
107	8	eRZr_ZhHebnh	14	2124	2127	number	"modifier should be singular"
107	9	anonymous	84	2356	2359	Recommend: '/making/ use /of/'	""
107	10	eRZr_ZhHebnh	13	1052	1056	tense	""
107	11	eRZr_ZhHebnh	12	2165	2167	comma	""
107	12	anonymous	83	1733	1765	Missing 'to'	"'/to/ the regularities...'"
107	13	anonymous	83	39	40	Uppercase?	""
107	14	anonymous	84	1707	1718	'At /a/ clearer...'	""
107	15	eRZr_ZhHebnh	13	2301	2304	use colon	""
107	16	eRZr_ZhHebnh	14	2242	2250	strike	""
107	17	eRZr_ZhHebnh	15	1570	1575	abbreviation	"use only in parentheses; alternatively, use *such as*"
107	18	eRZr_ZhHebnh	7	178	179	Abstract?	"'Each paper should start with a short abstract'"
107	19	anonymous	84	1736	1747	'/the/ motivations'	""
107	20	eRZr_ZhHebnh	7	742	749	year missing	""
107	21	eRZr_ZhHebnh	7	822	831	Use small caps, not bold	"'Small caps are used to draw attention to an important term at its first use or definition'"
107	22	eRZr_ZhHebnh	12	1102	1104	hyphen	""
107	23	eRZr_ZhHebnh	12	1899	1900	hyphen	""
107	24	eRZr_ZhHebnh	13	692	693	hyphen	""
107	25	eRZr_ZhHebnh	13	1395	1407	fragment	"Should this example be part of the preceding sentence?"
107	26	eRZr_ZhHebnh	14	1641	1642	hyphen	""
107	27	eRZr_ZhHebnh	9	1126	1134	word choice	"should this be *coherence*, or alternatively should you have *cohesion* before the colon?"
107	28	_qyfXDdylYT6	17	129	132	This	""
107	29	eRZr_ZhHebnh	9	299	300	First initial?	"The first initial is used throughout to refer to author contributions in this volume. In this some instance, it appears motivated by the need to dinstinguish between the two Rysovás. Elsewhere, the motivation is unclear.  The style guide says, 'the names of authors and editors should be given in their full form as in the publication, without truncation of given names,' but this is in the references. There appears to be no guidelines specifically for the text."
107	30	eRZr_ZhHebnh	10	989	991	change to *a*	""
107	31	eRZr_ZhHebnh	14	1772	1774	*to be*	""
107	32	eRZr_ZhHebnh	14	2579	2584	case	"use genitive *model's*"
107	33	eRZr_ZhHebnh	16	289	290	References?	"'Each paper has its own list of references'"
107	34	eRZr_ZhHebnh	8	1722	1727	potential noun/verb confusion	"Choose a synonym to avoid garden path"
107	35	eRZr_ZhHebnh	9	1302	1303	Oxford comma	"This is the first use of Oxford comma, despite many opportunities above. Consider using consistently."
107	36	eRZr_ZhHebnh	9	2000	2001	comma	""
107	37	eRZr_ZhHebnh	13	277	287	Coordination	"replace with *and*"
107	38	eRZr_ZhHebnh	13	627	628	hyphen	""
107	39	eRZr_ZhHebnh	13	896	898	tense	"other verbs are present tense"
107	40	eRZr_ZhHebnh	8	845	951	Coordination	"it's unclear what the coordinates are here"
107	41	eRZr_ZhHebnh	8	438	440	preposition choice	"*in* or *included in*"
107	42	eRZr_ZhHebnh	11	2715	2722	meaning	"What does it mean for complexity to demand resources? Could it be the analysis or resolution of complexity that demands resources?"
107	43	eRZr_ZhHebnh	12	2292	2298	strike	"there are no non-human professionals"
107	44	eRZr_ZhHebnh	14	2116	2117	hyphen	""
107	45	5gQPGMc6jCgP	83	697	712	Missing 'a'	"'From /a/ procedural viewpoint...'"
107	46	anonymous	84	1429	1430	Delete 'a'	"'/-/ Typical research in this domain...'"
107	47	anonymous	84	2164	2168	Semicolon or preposition	"'data; Kutuzov & Kunilovskaya 2015).' OR 'data in Kutuzov & Kunilovskaya 2015).'"
107	48	eRZr_ZhHebnh	10	1699	1700	coordination	"use *&*"
107	49	eRZr_ZhHebnh	7	1089	1097	small caps	""
107	50	eRZr_ZhHebnh	9	1442	1443	period after parenthesis	""
107	51	eRZr_ZhHebnh	9	1598	1599	comma splice	"consider adding *while*"
107	52	eRZr_ZhHebnh	14	1334	1336	*to*	""
107	53	5gQPGMc6jCgP	83	0	9	Shaw bookmark	"To be deleted after proofreading"
107	54	eRZr_ZhHebnh	9	1583	1586	ampersand	"Use ampersand *&* inside parentheses; change throughout"
107	55	eRZr_ZhHebnh	8	1802	1816	verb form	"this *to* is the preposition, not the infinitive marker. A COCA search shows the overwhelming majority of verbs are *-ing* form after *key to*."
107	56	eRZr_ZhHebnh	13	1429	1437	Unclear	"is there a noun missing here (*lexical items*)? Is *form* a noun and a verb is missing?"
107	57	eRZr_ZhHebnh	14	2308	2313	Complement type	"*allow* requires an object. *Allow* someone *to inspect*... Alternatively, use *allow for the inspection*"
107	58	eRZr_ZhHebnh	15	2445	2447	alignment	""
107	59	anonymous	83	1838	1839	Uppercase?	""
107	60	eRZr_ZhHebnh	8	566	587	small caps	""
107	61	eRZr_ZhHebnh	8	958	959	comma	"insert a comma. cf. *moreover* in the following paragraph."
107	62	eRZr_ZhHebnh	8	2076	2090	unfamiliar word	""
107	63	anonymous	83	1176	1205	Missing 'a'	"'to /a/ machine learning approach...'"
107	64	eRZr_ZhHebnh	8	643	654	Preposition use	"*of* requies an NP complement, but only gets AdjP here. Replace *in terms of* with *as*"
107	65	eRZr_ZhHebnh	8	1624	1625	compound modifier	"add hyphen"
107	66	eRZr_ZhHebnh	12	200	202	genitive	"Her corpus? Her annotations? Her chapter?"
107	67	eRZr_ZhHebnh	15	1338	1342	missing determiner	"*the form*"
107	68	eRZr_ZhHebnh	8	2424	2427	Fragment	"The other questions are interrogative main clauses, while this is an interrogative content clause. Change *How* to *What is the best way* or some such."
107	69	eRZr_ZhHebnh	10	1794	1795	parenthesis	"Not paired"
107	70	eRZr_ZhHebnh	13	231	232	hyphen	""
107	71	eRZr_ZhHebnh	14	2928	2929	hyphen	""
107	72	eRZr_ZhHebnh	15	318	319	hyphen	""
107	73	eRZr_ZhHebnh	15	1451	1455	missing determiner	""
107	74	eRZr_ZhHebnh	16	171	173	coordination	"add *and*"
107	75	anonymous	83	722	723	Add: comma	""
107	76	eRZr_ZhHebnh	10	1890	1891	double parenthesis	"This is potentially double, which is not allowed."
107	77	eRZr_ZhHebnh	7	1424	1426	Spacing	""
107	78	eRZr_ZhHebnh	8	1664	1667	spelling	""
107	79	eRZr_ZhHebnh	9	1076	1077	Capital?	""
107	80	eRZr_ZhHebnh	9	1887	1903	hyphenate?	""
107	81	eRZr_ZhHebnh	12	1892	1903	Capitals?	""
107	82	eRZr_ZhHebnh	14	1098	1100	strike?	""
107	83	eRZr_ZhHebnh	14	2439	2441	preposition choice	"use *into*, especially given the subsequent *and on*"
107	84	anonymous	83	39	46	Missing 'a'	"'A machine learning...'"
107	85	eRZr_ZhHebnh	8	78	80	Move parenthesis	"Should come before *Halliday*"
107	86	eRZr_ZhHebnh	8	450	451	relative clause	"consider using *that* instead of *which* for the integrated relative clause; alternatively, consider adding a matching comma before *dealt* or removing the one after *book*"
107	87	eRZr_ZhHebnh	8	1542	1543	strike comma	""
107	88	_qyfXDdylYT6	19	547	550	remove 'see' (throughout)	""
107	89	eRZr_ZhHebnh	12	1656	1667	Complement type	"an *of* PP is standard here, rather than a *to* infinitive; use *of uncovering*"
107	90	eRZr_ZhHebnh	13	456	469	expression pairing	"I would expect this to be coordinated with something like *and continuing with*; consider striking or replacing with *including*"
107	91	eRZr_ZhHebnh	14	976	987	Coordination	"*annotating*"
107	92	jtiYGA9xghqQ	22	957	1000	order	"'the most frequent connectives in present-day Czech'"
107	93	jtiYGA9xghqQ	24	1613	1639	expression	"'to a now more commonly used'"
107	94	NCyDUgM_CHxv	85	2222	2223	this is quite strange	"I suggest you this solution: '..suggested by Gries & Deshors (2014).'"
107	95	_qyfXDdylYT6	18	355	370	question *of* where	""
107	96	_qyfXDdylYT6	18	575	582	?	""
107	97	_qyfXDdylYT6	18	2604	2613	remove 'which is'	""
107	98	_qyfXDdylYT6	19	563	564	page? (throughout)	""
107	99	eRZr_ZhHebnh	14	1043	1053	Coordination	"*extracting*"
107	100	eRZr_ZhHebnh	14	1508	1532	Clarify	"Are these texts translated from or into Russian?"
107	101	jtiYGA9xghqQ	17	1048	1069	Not sure but consider using	"...either 'be a language universal' or 'language-universal'."
107	102	jtiYGA9xghqQ	21	526	536	'and, to some extent, '	""
107	103	NCyDUgM_CHxv	88	1291	1295	double brackets	""
107	104	_qyfXDdylYT6	18	2245	2265	most authors	""
107	105	eRZr_ZhHebnh	14	867	877	Complement type	"*at supporting* is much more common"
107	106	jtiYGA9xghqQ	17	1241	1254	'often focuses'	""
107	107	jtiYGA9xghqQ	24	2297	2299	'to the'	""
107	108	jtiYGA9xghqQ	24	1266	1276	meaning	"'das' doesn't normally mean 'this' (it's not a demonstrative), but just 'the' or 'that'."
107	109	jtiYGA9xghqQ	26	1792	1797	'on'?	""
107	110	_qyfXDdylYT6	17	1934	1936	remove 'a'	""
107	111	_qyfXDdylYT6	18	477	491	decision *about* which	""
107	112	eRZr_ZhHebnh	13	186	190	relative clause	"reword to clarify whether it is the texts or languages that may vary"
107	113	jtiYGA9xghqQ	21	1284	1285	Footnote issue	"There is already a Footnote 2 on the previous page. Not sure how you managed this as LaTeX usually keeps track of footnotes, but you need to sort it out for the entire chapter."
107	114	_qyfXDdylYT6	18	20	24	this	""
107	115	_qyfXDdylYT6	18	2648	2655	?	""
107	116	jtiYGA9xghqQ	22	1089	1120	'originally connectives'	""
107	117	jtiYGA9xghqQ	24	2174	2184	Doesn't work here...	"I'm not sure what you try to say, maybe avoid using the bracket, as the footnote is already an interwoven thought"
107	118	jtiYGA9xghqQ	24	2728	2730	there is no opening bracket to this	""
107	119	NCyDUgM_CHxv	84	623	627	I suggest you to change hope'	"My proposal: 'We aim at developing a robust methodology, ..'"
107	120	NCyDUgM_CHxv	87	258	260	space before dots is missing	"The standard way to mark a missing part of the quoted text is [...]"
107	121	_qyfXDdylYT6	18	1536	1574	that differed significantly	"'however' shouldn't be repeated"
107	122	_qyfXDdylYT6	19	818	827	Schiffrin	""
107	123	jtiYGA9xghqQ	22	2684	2686	'as a'	""
107	124	NCyDUgM_CHxv	85	474	475	semicolon	"semicolon instead of colon"
107	125	NCyDUgM_CHxv	85	1110	1111	comma, and semicolon	"..translationese, see Baroni ..2005; Pastor et al. 2008; .. language studies, Hinkel 2001; ...stylometry, Halteren 2007, and ....'"
107	126	eRZr_ZhHebnh	12	328	350	wording (throughout)	"*coreference relations*"
107	127	eRZr_ZhHebnh	14	1189	1194	Complement type	"*allow researchers to*"
107	128	eRZr_ZhHebnh	15	2201	2208	word order	"*also to*"
107	129	jtiYGA9xghqQ	22	2017	2021	eliminate	""
107	130	NCyDUgM_CHxv	85	516	517	idem	"to cohesion means, see Kachroo 2008; ..."
107	131	_qyfXDdylYT6	18	1998	2003	in	""
107	132	_qyfXDdylYT6	38	294	313	Schiffrin, Deborah	""
107	133	jtiYGA9xghqQ	18	2543	2602	swap order	"'defined very differently in various linguistic approaches'"
107	134	jtiYGA9xghqQ	20	2675	2677	'On'	""
107	135	jtiYGA9xghqQ	24	1151	1167	'may also be seen'	""
107	136	jtiYGA9xghqQ	26	433	464	'also from other languages'	""
107	137	NCyDUgM_CHxv	88	1693	1695	remove brackets within the brackets	"(i.e. ..... like Pastor et al. 2008; .....; Bernardini 2007);"
107	138	NCyDUgM_CHxv	88	2130	2132	why bracket?	"..native speakers;"
107	139	_qyfXDdylYT6	18	285	298	with the annotation	""
107	140	eRZr_ZhHebnh	11	2594	2615	wording	"change to *coference relations*"
107	141	jtiYGA9xghqQ	20	1181	1184	'a' or 'the'	""
107	142	jtiYGA9xghqQ	20	1179	1181	this parenthesis is not closed anywhere	""
107	143	jtiYGA9xghqQ	24	857	863	'only those'	""
107	144	NCyDUgM_CHxv	87	2161	2164	comma	"In section 5, we ..."
107	145	_qyfXDdylYT6	18	1415	1416	remove comma	""
107	146	eRZr_ZhHebnh	14	156	159	Definite?	"Should this be a definite NP?"
107	147	eRZr_ZhHebnh	14	1087	1092	Coordination	"*storing*"
107	148	jtiYGA9xghqQ	20	290	424	Something odd heree	"Do you mean 'As regards' instead of 'For'?"
107	149	jtiYGA9xghqQ	27	1053	1067	reformulate	""
107	150	NCyDUgM_CHxv	83	1458	1460	insert a comma	""
107	151	NCyDUgM_CHxv	85	1711	1716	contains	""
107	152	NCyDUgM_CHxv	87	935	936	full stop	""
107	153	NCyDUgM_CHxv	88	1878	1880	idem	""
107	154	_qyfXDdylYT6	38	337	339	missing publisher and place	""
107	155	_qyfXDdylYT6	19	655	663	Schiffrin	""
107	156	jtiYGA9xghqQ	19	2354	2365	odd	"'50,000' or 'fifty thousand'"
107	157	jtiYGA9xghqQ	20	2425	2439	double quotation marks as above	""
107	158	jtiYGA9xghqQ	27	2352	2356	as	""
107	159	NCyDUgM_CHxv	83	804	805	insert a comma	""
107	160	NCyDUgM_CHxv	83	1611	1612	insert a comma	""
107	161	NCyDUgM_CHxv	85	422	423	comma	"or,. in addition, 'translation, see Ramm 2016; ...'"
107	162	NCyDUgM_CHxv	86	2758	2773	for	"'..extra processing efforts for the reader..'"
107	163	_qyfXDdylYT6	18	2276	2287	above-mentioned	""
107	164	eRZr_ZhHebnh	14	462	495	wording	"*in chapter x, K. Kerremans*"
107	165	jtiYGA9xghqQ	21	1038	1045	Table placement	"Table 2 is too far away. Try to use the [h!] option to make the float appear on the next page for instance."
107	166	jtiYGA9xghqQ	22	287	338	awkward	"maybe use 'in different periods for each individual connective'"
107	167	jtiYGA9xghqQ	25	1229	1246	meaning	"'dafür' doesn't really mean 'therefore' (otherwise it would be synonymous with 'darum'), but rather something like 'in return', 'in exchange' or 'instead'"
107	168	jtiYGA9xghqQ	27	649	651	eliminate	""
107	169	NCyDUgM_CHxv	86	2581	2583	Too many brackets.	""
107	170	NCyDUgM_CHxv	86	2729	2732	Delete 'the'	"'..can give rise to extra processing efforts ...'"
107	171	NCyDUgM_CHxv	86	2884	2885	please insert a comma	"the sentence is very long."
107	172	eRZr_ZhHebnh	14	599	609	Pronoun	"Use *he* or *she* as appropriate"
107	173	jtiYGA9xghqQ	20	1410	1412	'see' is more for references	"Use 'consider' or just 'e.g.'"
107	174	jtiYGA9xghqQ	20	2383	2393	'of examining'	""
107	175	jtiYGA9xghqQ	22	25	43	maybe use 'these items'	""
107	176	jtiYGA9xghqQ	24	2195	2211	space missing	""
107	177	jtiYGA9xghqQ	19	2313	2317	comma or semicolon	""
107	178	jtiYGA9xghqQ	20	2306	2358	Sounds a bit Shakespearean... ;)	"I would say 'Would the annotation not be incomplete without them?'"
107	179	NCyDUgM_CHxv	86	889	890	space missing after 1976;	"Van Dijk 1976; Carston & ..."
107	180	jtiYGA9xghqQ	24	2422	2434	Quote normally	""
107	181	jtiYGA9xghqQ	27	1207	1209	'using'	""
107	182	NCyDUgM_CHxv	83	1293	1301	that	"'To this end we employ models that predict..'"
107	183	NCyDUgM_CHxv	88	632	637	comma, and delete 'the'	"Over the last 20 years or so, research in this area.."
107	184	SW0GOmGdRJE6	65	363	368	see 2?	"Make it clear. Is it Figure 2?"
107	185	NCyDUgM_CHxv	103	1680	1682	remove brackets	"(Kutuzov & Kunilovskaya 2015), which ..."
107	186	NCyDUgM_CHxv	88	2499	2505	insert a comma	"(Baker 2004, among others)."
107	187	NCyDUgM_CHxv	90	2314	2334	reverse order	"'different decisions' instead of 'decisions different'"
107	188	jtiYGA9xghqQ	28	2385	2448	Not sure	"This is a strange claim. Of course they are ungrammatical by themselves, but so is every word or couple of words that is not part of a sentence. The star annotation, in my view, only functions with sentences. So you need to show what you argue in a full sentence example. And anyway, I'm not convinced that your claim is correct (if I understand it correctly), as I can easily think of examples where no anaphoric expression is used, e.g.: 'Due to/Because of a depression, Mike had to quit his job.'"
107	189	jtiYGA9xghqQ	29	1975	1980	reference?	""
107	190	NCyDUgM_CHxv	95	1696	1698	remove double bracket	"(Hall et al. 2009)."
107	191	NCyDUgM_CHxv	98	1050	1070	once again we follow	".. these deviations, once again we follow Gries & Deshors (2014)..."
107	192	NCyDUgM_CHxv	89	2546	2552	to be justified	"maybe there is no hyphenation in this line."
107	193	NCyDUgM_CHxv	92	49	59	of/with	"delete 'possessing'"
107	194	SW0GOmGdRJE6	60	1665	1666	longer dash	"use longer dash to mark appositive element"
107	195	jtiYGA9xghqQ	29	736	746	really necessary?	""
107	196	NCyDUgM_CHxv	93	1311	1316	a	"a future work"
107	197	NCyDUgM_CHxv	106	600	606	remove 'adding'	"'.., including syntactic ones.'"
107	198	NCyDUgM_CHxv	107	699	702	our (instead of 'the')	".., which were instrumental in guiding our work into the right direction."
107	199	SW0GOmGdRJE6	57	332	348	incorrect hyphen placement	""
107	200	SW0GOmGdRJE6	60	449	463	lexicosemantic or lexico-semantic?	""
107	201	jtiYGA9xghqQ	28	1258	1265	A similar	""
107	202	SW0GOmGdRJE6	60	2380	2398	It should be: Kerremans (2012)	""
107	203	SW0GOmGdRJE6	65	885	890	see 2?	"Make it clear. Is it Figure 2 or Section 2?"
107	204	NCyDUgM_CHxv	91	1811	1812	'a/the' mass-media sub-corpus..	""
107	205	jtiYGA9xghqQ	30	883	895	Prepositions?	"I would rather call them prepositional phrases"
107	206	NCyDUgM_CHxv	96	1361	1391	Experimental results	""
107	207	NCyDUgM_CHxv	100	559	560	Figure 1 (remove ??)	""
107	208	NCyDUgM_CHxv	92	504	509	'marks'	"punctuation marks"
107	209	NCyDUgM_CHxv	95	1414	1415	remove double brackets	"..in Quinlan 1987) model"
107	210	NCyDUgM_CHxv	101	128	131	I suggest you to make a complete example	"Example (2) first line the Russian sentence, then glosses, and then English translation [using the same standard you used at pag. 90]"
107	211	SW0GOmGdRJE6	62	1840	1851	see further? in which section?	""
107	212	NCyDUgM_CHxv	90	1545	1548	detect	"First, we want to detect whether ..."
107	213	NCyDUgM_CHxv	106	841	847	that	""
107	214	jtiYGA9xghqQ	28	76	81	into a	""
107	215	SW0GOmGdRJE6	65	1148	1176	'introduction' and/or 'spread'	"Should it be written: 'introduction' and/or 'spread'?"
107	216	jtiYGA9xghqQ	28	1296	1301	While you are right etymologically...	"...I would point out that the meaning of 'dafür' is not equal to 'therefore', as mentioned above."
107	217	NCyDUgM_CHxv	92	107	109	delete 'of'	"'Each instance"
107	218	NCyDUgM_CHxv	97	783	792	though showing	"for the majority class, though showing poor quality for the minority class."
107	219	jtiYGA9xghqQ	29	2342	2349	signal	""
107	220	NCyDUgM_CHxv	98	1667	1672	that	""
107	221	NCyDUgM_CHxv	90	1116	1130	I suggest you to change this espression	"Either 'As can be seen in the previous sections',  or 'As shown above,'"
107	222	jtiYGA9xghqQ	28	2071	2092	Reformulate	"This does not seem to work, but I'm not sure what you mean to say"
107	223	jtiYGA9xghqQ	29	1208	1226	What do you mean? 'defined'?	""
107	224	NCyDUgM_CHxv	108	931	938	Are you sure about this reference?	"check about et al."
107	225	NCyDUgM_CHxv	90	1329	1330	insert a comma	""
107	226	NCyDUgM_CHxv	99	787	788	the	"..to some extent, the number of conjunctions ..."
107	227	NCyDUgM_CHxv	90	2716	2721	that	""
107	228	NCyDUgM_CHxv	104	883	887	See the following examples (2-5)	""
107	229	SW0GOmGdRJE6	77	645	671	among language versions?	""
107	230	SW0GOmGdRJE6	59	1572	1576	i.e.	"too many uses of 'i.e' (id est) in the text. The author can replace some with other similar units."
107	231	SW0GOmGdRJE6	62	2212	2213	use longer dash to mark apposition	""
107	232	jtiYGA9xghqQ	29	1587	1647	Remove bold	""
107	233	NCyDUgM_CHxv	98	518	524	slightly	"'a bit' is very informal"
107	234	NCyDUgM_CHxv	101	1646	1652	Figure 2 (remove ??)	""
107	235	NCyDUgM_CHxv	108	1011	1018	Design (capitol letter)	""
107	236	SW0GOmGdRJE6	55	218	223	use 'some' or 'the' instead of 'those'	""
107	237	NCyDUgM_CHxv	95	2829	2832	Remobe article	"Example (1) below illustrates ..."
107	238	NCyDUgM_CHxv	100	1354	1362	unknown PoS	""
107	239	uE0oBTXTpelT	42	585	596	Academic 'we'	"replace 'we can find' with 'there are'"
107	240	uE0oBTXTpelT	43	75	78	Academic we	"use 'I'"
107	241	uE0oBTXTpelT	52	1809	1825	delete	""
107	242	uE0oBTXTpelT	54	1193	1259	brackets	""
107	243	PDuQB63UOdpR	127	1771	1772	erase	"'in Kunz & Lapshinova-Koltunski (2014),'"
107	244	bHBumnouCh9T	22	1474	1478	even is repeated in the next sentence	"I'd omit this first instance"
107	245	_qyfXDdylYT6	26	648	655	In	""
107	246	_qyfXDdylYT6	27	1556	1607	of the formation ... is	""
107	247	_qyfXDdylYT6	28	2262	2274	combinations	""
107	248	qFw-8yyxJztY	63	2492	2493	Dash segmentation	"The strategy of putting info in between dashes is used a bit too much in this paper."
107	249	qFw-8yyxJztY	65	280	283	Use commas not dashes	""
107	250	qFw-8yyxJztY	79	1149	1159	Delete?	""
107	251	qFw-8yyxJztY	79	1606	1670	Delete http?	""
107	252	j8T8qo3a8dMI	36	2088	2103	New paragraph.	""
107	253	j8T8qo3a8dMI	19	2418	2421	PDiT	""
107	254	j8T8qo3a8dMI	20	339	342	PDiT	""
107	255	uE0oBTXTpelT	41	537	539	Academic 'we'	"Single authors should use the pronoun I. suggested revision '... demonstrate how to use these...'"
107	256	uE0oBTXTpelT	42	2090	2343	Omit papagraph	"This paragraph's content is repeated in the following section"
107	257	uE0oBTXTpelT	45	2082	2091	academic we/tense	"replace with 'I collected'"
107	258	uE0oBTXTpelT	46	648	712	Poorly linked table/figure discussion	"Suggest deleting highlighted material. Moving the sentence to the first sentence/paragraph."
107	259	uE0oBTXTpelT	47	1280	1300	delete	""
107	260	uE0oBTXTpelT	51	197	222	where do these numbers come from?	""
107	261	uE0oBTXTpelT	51	2323	2327	to	""
107	262	uE0oBTXTpelT	52	2038	2186	Authors should be last_name, first_name	""
107	263	PDuQB63UOdpR	118	135	164	Without brackets	"In Mascarell et al. (2014),"
107	264	PDuQB63UOdpR	127	740	742	Number?	""
107	265	PDuQB63UOdpR	128	284	291	erase	"Erase one 'between'"
107	266	_qyfXDdylYT6	28	963	968	which	""
107	267	qFw-8yyxJztY	61	386	417	Parentheses instead?	""
107	268	qFw-8yyxJztY	62	1327	1328	Consider capitalising this term	"i.e. Translation Unit (TU)"
107	269	qFw-8yyxJztY	70	549	559	Where exactly?	""
107	270	qFw-8yyxJztY	72	1749	1753	See further where?	"Reverse single quote/asterisk"
107	271	qFw-8yyxJztY	72	1795	1799	Reverse single quote/asterisk	""
107	272	qFw-8yyxJztY	74	1381	1385	Use either comma or decimal point	"Pick one style and be consistent"
107	273	qFw-8yyxJztY	80	952	1081	DOI?	""
107	274	qFw-8yyxJztY	81	615	621	Delete?	""
107	275	jtiYGA9xghqQ	34	1136	1143	briefly	""
107	276	jtiYGA9xghqQ	34	1215	1240	You've already introduced this abbrev.	""
107	277	jtiYGA9xghqQ	36	2705	2714	American or British	"I think you have mainly used American English in your paper, check for consistency and maybe change to 'behavior'"
107	278	j8T8qo3a8dMI	33	1132	1162	the Prague Discourse Treebank	""
107	279	uE0oBTXTpelT	50	194	200	mostly interconnected	""
107	280	uE0oBTXTpelT	51	267	273	21%	""
107	281	uE0oBTXTpelT	51	920	936	Conversely,	""
107	282	uE0oBTXTpelT	52	583	587	the	""
107	283	PDuQB63UOdpR	115	496	568	Rephrase?	"'does not refer to a nominal phrase, but to a clause [...].'"
107	284	PDuQB63UOdpR	121	275	276	Erase comma	""
107	285	PDuQB63UOdpR	133	441	442	Bibliography	"Where is the bibliography?"
107	286	_qyfXDdylYT6	24	2534	2536	described in detail	""
107	287	_qyfXDdylYT6	27	1639	1643	e.g.	""
107	288	qFw-8yyxJztY	62	693	702	What reference?	""
107	289	qFw-8yyxJztY	65	1597	1603	And here?	""
107	290	qFw-8yyxJztY	75	1779	1798	Slightly confusing	"Is the example here same as source language?"
107	291	qFw-8yyxJztY	77	1487	1495	are thus	""
107	292	qFw-8yyxJztY	79	1882	1975	Use DOI?	""
107	293	qFw-8yyxJztY	80	453	755	Reference incomplete	""
107	294	qFw-8yyxJztY	80	901	951	Clarify info here.	"Unpublished dissertation thesis or book/monograph?"
107	295	qFw-8yyxJztY	80	1199	1340	Use DOI?	""
107	296	qFw-8yyxJztY	81	441	447	Publisher?	""
107	297	j8T8qo3a8dMI	19	2277	2337	the Prague Discourse Treebank 2.0 (PDiT)	"PDT 2.5 is an outdated version.  Replace 'the Prague Dependency Treebank 2.5 (PDT, Bejček et al. 2012) by the right version 'the Prague Discourse Treebank 2.0 (PDiT, Rysová et al. 2016)'. Citation:  Rysová Magdaléna, Synková Pavlína, Mírovský Jiří, Hajičová Eva, Nedoluzhko Anna, Ocelák Radek, Pergler Jiří, Poláková Lucie, Pavlíková Veronika, Zdeňková Jana, Zikánová Šárka: Prague Discourse Treebank 2.0. Data/software, ÚFAL MFF UK, Prague, Czech Republic, http://hdl.handle.net/11234/1-1905, Dec 2016"
107	298	j8T8qo3a8dMI	21	658	661	PDiT	""
107	299	uE0oBTXTpelT	45	1222	1229	delete	""
107	300	uE0oBTXTpelT	50	93	123	most likely are interconnected	""
107	301	uE0oBTXTpelT	51	1066	1087	This paper	""
107	302	uE0oBTXTpelT	52	976	1001	constitute a large degree of error	""
107	303	PDuQB63UOdpR	116	2140	2169	Blank space	"Insert a blank space after '.'"
107	304	PDuQB63UOdpR	119	516	542	Syllables	"trans-lat-ed"
107	305	PDuQB63UOdpR	126	1148	1150	erase	"'...results in Kinz et al. (to appear 2016: p. 25).'"
107	306	PDuQB63UOdpR	132	1605	1609	erase	"'in Lapshinova-Koltunski (2015b)'"
107	307	PDuQB63UOdpR	131	50	66	Rephrase?	"It was used many times"
107	308	qFw-8yyxJztY	57	518	520	Capitalise beginnings of bullet points?	""
107	309	_qyfXDdylYT6	24	94	118	over different time periods	""
107	310	_qyfXDdylYT6	26	679	692	observed	""
107	311	_qyfXDdylYT6	26	1651	1667	, as in	""
107	312	qFw-8yyxJztY	61	1410	1444	Figure 1 table	"Worth including totals of number of words in this chart somehow? Only reference to size is in text below."
107	313	qFw-8yyxJztY	64	841	842	Use commas, not dashes	""
107	314	qFw-8yyxJztY	79	2423	2530	Use DOI?	""
107	315	j8T8qo3a8dMI	27	826	828	Wrong Czech word	"The word is 'ač', i.e. there is missing the letter 'č'."
107	316	j8T8qo3a8dMI	21	1523	1531	Wrong Czech name.	"Kopečný"
107	317	j8T8qo3a8dMI	30	2279	2282	PDiT	""
107	318	uE0oBTXTpelT	49	865	907	delete	""
107	319	PDuQB63UOdpR	117	1345	1384	In brackets	"'translationese (Gellerstam 1986; Baker 1993).'"
107	320	PDuQB63UOdpR	117	1652	1679	?	"Maybe rephrase"
107	321	PDuQB63UOdpR	121	351	354	?	""
107	322	PDuQB63UOdpR	122	1832	1857	Syllables	"dis-tri-bu-tion"
107	323	bHBumnouCh9T	20	405	408	not clear what 'it' refers to	""
107	324	bHBumnouCh9T	22	2476	2489	depends?	""
107	325	SW0GOmGdRJE6	69	892	905	add comma?	""
107	326	qFw-8yyxJztY	60	1773	1776	Full stop, new sentence.	"Perhaps avoid inserting a direct quote into a sentence like this."
107	327	qFw-8yyxJztY	76	1106	1211	Shift Figure 5 to previous page text?	""
107	328	qFw-8yyxJztY	79	871	886	Delete 'cited by' info?	""
107	329	qFw-8yyxJztY	79	1424	1431	Publisher?	""
107	330	qFw-8yyxJztY	80	1427	1431	Full spelling	""
107	331	qFw-8yyxJztY	80	1675	1685	Publisher?	""
107	332	jtiYGA9xghqQ	34	1494	1503	analyse/discuss?	""
107	333	j8T8qo3a8dMI	21	696	699	PDiT	""
107	334	j8T8qo3a8dMI	30	1993	1996	PDiT	""
107	335	j8T8qo3a8dMI	30	2624	2627	PDiT	""
107	336	uE0oBTXTpelT	44	28	48	adverb location	"'also are expressions'"
107	337	uE0oBTXTpelT	52	2284	2288	LREC	""
107	338	PDuQB63UOdpR	113	719	727	Check	"Check syllables"
107	339	PDuQB63UOdpR	114	1297	1300	By?	""
107	340	bHBumnouCh9T	19	1970	1972	I'd remove the 'to'	""
107	341	bHBumnouCh9T	20	1327	1334	sentence too long & confusing	"I'd add an 'and' before 'lexically frozen connectives' and start a new sentence with 'These phrases'."
107	342	_qyfXDdylYT6	20	145	157	anaphora, and	""
107	343	_qyfXDdylYT6	22	1081	1085	were	""
107	344	_qyfXDdylYT6	22	2877	2883	began	""
107	345	_qyfXDdylYT6	27	297	302	whole phrase	""
107	346	qFw-8yyxJztY	59	2036	2043	Suggest full stop, then 'Collet (2004)..	"describes these as 'chains of text fragments...'"
107	347	qFw-8yyxJztY	65	1485	1492	What does this mean?	""
107	348	qFw-8yyxJztY	71	941	1018	Missing a value for text 3?	""
107	349	qFw-8yyxJztY	72	178	179	Six?	""
107	350	qFw-8yyxJztY	73	420	426	n=7,446	""
107	351	qFw-8yyxJztY	74	592	607	Why the reference - delete?	""
107	352	qFw-8yyxJztY	75	756	772	(Eggins, 2004)?	""
107	353	qFw-8yyxJztY	78	431	712	Very helpful examples	"Examples like these could be helpful earlier in the chapter."
107	354	jtiYGA9xghqQ	36	2033	2042	something odd here	""
107	355	j8T8qo3a8dMI	18	737	749	There is a new paragraph.	""
107	356	j8T8qo3a8dMI	18	876	909	'the Prague Discourse Treebank (PDiT)'	"This is outdated. The right version is 'the Prague Discourse Treebank (PDiT)'."
107	357	j8T8qo3a8dMI	30	1175	1195	New paragraph.	""
107	358	uE0oBTXTpelT	49	430	439	favored	""
107	359	uE0oBTXTpelT	49	1184	1191	insert	"'Focus, see Table 3 and Figure 5' note Figure 5 was not mentioned in the text"
107	360	uE0oBTXTpelT	51	2161	2166	delete	""
107	361	uE0oBTXTpelT	51	2218	2224	in a new	""
107	362	uE0oBTXTpelT	52	1514	1525	Linguistics	""
107	363	PDuQB63UOdpR	115	341	381	In brackets	"'...anaphora (Zinsmeister, Dipper & Seiss 2012) or extended...'"
107	364	PDuQB63UOdpR	116	2970	3011	In brackets	"'(see: Becher 2011; Bisiada 2014; Meyer & Webber 2013; Li, Carpuat & Nenkova 2014b).'"
107	365	PDuQB63UOdpR	123	754	764	Erase space	"Erase space between ( and whiskers"
107	366	bHBumnouCh9T	21	269	287	sections	""
107	367	_qyfXDdylYT6	19	1441	1458	for example (remove i.e.)	""
107	368	_qyfXDdylYT6	19	1892	1895	I? (throughout)	""
107	369	SW0GOmGdRJE6	76	144	148	ref?	"is it recognizable? what is the longer form?"
107	370	_qyfXDdylYT6	25	1125	1137	the combination	""
107	371	qFw-8yyxJztY	79	179	186	Delete prior period?	""
107	372	qFw-8yyxJztY	62	2181	2184	Delete hypen dashes	""
107	373	qFw-8yyxJztY	78	1146	1149	Use commas or parentheses?	""
107	374	qFw-8yyxJztY	79	615	725	Use DOI instead?	""
107	375	qFw-8yyxJztY	80	167	305	Use DOI?	""
107	376	j8T8qo3a8dMI	33	1341	1344	Thus?	"The annotation in the corpora should thus..."
107	377	jtiYGA9xghqQ	34	1156	1171	above-mentioned	""
107	378	uE0oBTXTpelT	42	371	384	Tense	"investigated"
107	379	PDuQB63UOdpR	116	2313	2321	Check	"Anaphora - check plural"
107	380	PDuQB63UOdpR	131	148	194	In brackets	"'originals (Hansen-Schirra, [...] 2012).'"
107	381	PDuQB63UOdpR	124	1103	1109	Erase bracket hier	"'findings in Kunz et al. (to appear 2016: p. 22)'"
107	382	bHBumnouCh9T	19	2086	2135	informal	"is insightful/helpful for understanding general tendencies"
107	383	qFw-8yyxJztY	55	218	223	or delete 'those'	""
107	384	qFw-8yyxJztY	57	2053	2055	Remove extra space	""
107	385	_qyfXDdylYT6	19	1991	1995	a	""
107	386	_qyfXDdylYT6	20	2512	2523	aforementioned	"or just 'these', because it is a current topic"
107	387	_qyfXDdylYT6	24	360	369	the analysis	""
107	388	_qyfXDdylYT6	24	637	669	English connectives are also not	""
107	389	_qyfXDdylYT6	24	2212	2217	which	""
107	390	_qyfXDdylYT6	26	20	24	remove 'may'	""
107	391	_qyfXDdylYT6	26	325	329	section (throughout)	""
107	392	_qyfXDdylYT6	28	1364	1375	the corresponding	""
107	393	qFw-8yyxJztY	59	1066	1071	Full stop. 'In other words, they are a..	""
107	394	qFw-8yyxJztY	60	498	499	Insert space after colon	""
107	395	qFw-8yyxJztY	60	1665	1666	Or full stop, 'He/she defines these as..	""
107	396	qFw-8yyxJztY	65	1482	1484	Are these dashes really necessary?	""
107	397	qFw-8yyxJztY	72	98	99	Five	""
107	398	j8T8qo3a8dMI	20	1245	1252	Missing final bracket	"(in... Rysová (2012))"
107	399	j8T8qo3a8dMI	30	1696	1697	Missing dot.	""
107	400	uE0oBTXTpelT	42	48	57	replace	"'right on' with 'to'"
107	401	uE0oBTXTpelT	42	1659	1663	omit abbreviation	"added in the previous section"
107	402	uE0oBTXTpelT	42	2601	2605	article use	"delete 'the'"
107	403	uE0oBTXTpelT	45	1699	1713	article use	"insert 'the'"
107	404	uE0oBTXTpelT	46	378	394	replace with 'identifying'	""
107	405	uE0oBTXTpelT	46	984	988	49%	""
107	406	uE0oBTXTpelT	47	517	518	insert ', see figure 3'	""
107	407	uE0oBTXTpelT	47	1113	1130	generally have	""
107	408	uE0oBTXTpelT	50	1245	1261	Table 4 and Figure 5 shows the	""
107	409	uE0oBTXTpelT	51	466	474	Confusing	"multiple examples in this paragraph"
107	410	uE0oBTXTpelT	53	68	145	brackets around the URL	""
107	411	uE0oBTXTpelT	53	1204	1220	is this a journal or book?	"need to complete reference"
107	412	PDuQB63UOdpR	116	1624	1631	Comma	"Insert a comma after 'German'"
107	413	PDuQB63UOdpR	120	1580	1583	Insert semicolon	"[...] head); b) [...]"
107	414	bHBumnouCh9T	21	609	619	I'd start the section with text	""
107	415	_qyfXDdylYT6	20	1006	1009	, etc.	""
107	416	_qyfXDdylYT6	20	1160	1179	differ significantly	""
107	417	_qyfXDdylYT6	21	147	151	, and	""
107	418	_qyfXDdylYT6	24	553	560	origins	""
107	419	_qyfXDdylYT6	27	484	503	some similar	""
107	420	_qyfXDdylYT6	28	1465	1469	, for example	""
107	421	qFw-8yyxJztY	60	337	346	All (ibid) references seem to be missing	"space and also don't have the 'p' for 'page'. Suggest making these consistent with other in-text references."
107	422	qFw-8yyxJztY	70	896	900	9,100	""
107	423	qFw-8yyxJztY	71	1063	1071	Delete, put info in parentheses	""
107	424	qFw-8yyxJztY	72	415	429	See further where?	""
107	425	qFw-8yyxJztY	72	898	1160	Values missing?	""
107	426	qFw-8yyxJztY	77	1599	1700	Consider rephrasing	"In order to link to previous sentence more clearly, perhaps: 'Anisomorphism refers to asymmetry in the interlinguistic transfer process, what G-J (2006: p215) refers to as 'the losses and gains that always occur...'"
107	427	j8T8qo3a8dMI	31	1584	1598	Wrong citation	""
107	428	SW0GOmGdRJE6	77	1449	1451	longer dash to mark appositive element	""
107	429	uE0oBTXTpelT	42	282	288	replace	"'newly' with 'recently'"
107	430	uE0oBTXTpelT	42	2583	2587	Academic we	"'other, and also...'"
107	431	uE0oBTXTpelT	51	355	359	this	""
107	432	uE0oBTXTpelT	51	1362	1382	shows	""
107	433	uE0oBTXTpelT	53	526	655	restructure	"In Martin Arista, Javier (ed.), Societas Linguistica Europaea, SLE 2011 – 44th Annual Meeting, 139–140. CITY: Universidad de La Rioja."
107	434	PDuQB63UOdpR	114	662	725	In brackets	"'...text parts (Halliday & Hasan 1976; Halliday & Matthiessen 2013).'"
107	435	PDuQB63UOdpR	114	1130	1208	In brackets	"'...refer themselves (Lapshinova [...] 2015).'"
107	436	PDuQB63UOdpR	118	959	992	Without brackets	"In Lapshinova-Koltunski (2015a),"
107	437	PDuQB63UOdpR	127	191	192	erase	"'in Kunz et al. (to appear 2016).'"
107	438	_qyfXDdylYT6	20	1327	1334	maybe remove parenth, start new sentence	""
107	439	_qyfXDdylYT6	27	1610	1622	the combination	""
107	440	_qyfXDdylYT6	28	1131	1136	which (or remove 'that was')	""
107	441	qFw-8yyxJztY	70	2424	2472	Remove dashes, insert commas	"Consider, 'such as from...' rather than 'e.g. from...'"
107	442	qFw-8yyxJztY	80	392	402	Delete?	""
107	443	qFw-8yyxJztY	81	1732	1885	DOI?	""
107	444	j8T8qo3a8dMI	27	1446	1448	Wrong Czech word	"The word is not 'le' but 'leč', i.e. there is missing the letter 'č'."
107	445	j8T8qo3a8dMI	19	2661	2664	PDiT	""
107	446	j8T8qo3a8dMI	31	537	540	PDiT	""
107	447	uE0oBTXTpelT	43	1091	1121	academic we	"replace highlighted with  'The analysis uses...'"
107	448	uE0oBTXTpelT	45	115	166	Confusing	"move 'operate both...' to first line of the paragraph"
107	449	uE0oBTXTpelT	45	247	259	replace highlighted with	"illustrates"
107	450	uE0oBTXTpelT	45	2101	2116	article use	"all the occurences"
107	451	uE0oBTXTpelT	45	2200	2208	academic we	"delete 'we have'"
107	452	uE0oBTXTpelT	47	568	570	Percentage of...	""
107	453	uE0oBTXTpelT	51	1005	1012	as a text	""
107	454	uE0oBTXTpelT	51	1347	1354	The	""
107	455	uE0oBTXTpelT	52	1526	1532	24(1).	""
107	456	PDuQB63UOdpR	111	291	294	erase	"Erase one bracket"
107	457	PDuQB63UOdpR	124	198	201	erase	"Erase 'see': (Baayen 2008)"
107	458	PDuQB63UOdpR	132	1681	1682	erase	"'in Lapshinova-Koltunski (to appear 2016)'"
107	459	bHBumnouCh9T	19	1814	1826	need a full clause after 'even though'?	""
107	460	bHBumnouCh9T	19	1973	2019	wordy?	"analyse/investigate their diachronic development?"
107	461	SW0GOmGdRJE6	72	1520	1528	The results	""
107	462	_qyfXDdylYT6	24	589	592	are	""
107	463	_qyfXDdylYT6	24	708	718	also arose	""
107	464	_qyfXDdylYT6	24	965	969	remove 'the'	""
107	465	_qyfXDdylYT6	26	1495	1500	such as	""
107	466	_qyfXDdylYT6	27	2361	2371	aforementioned / above-mentioned	""
107	467	qFw-8yyxJztY	61	897	900	Delete period mark?	""
107	468	qFw-8yyxJztY	67	1842	1854	See further where?	""
107	469	qFw-8yyxJztY	75	1077	1081	Acronym	"Is this necessary? Not first mention of source language but first use of SL?"
107	470	qFw-8yyxJztY	78	1625	1900	Ending	"Consider ending chapter with a definitive statement from author. Current ending of a definition from someone else is a bit unclear, reads like the beginning of a new paper, not the end of a finished one."
107	471	qFw-8yyxJztY	81	2045	2208	DOI?	""
107	472	5gQPGMc6jCgP	83	1423	1425	For	"'For the first stage...'"
107	473	uE0oBTXTpelT	42	567	568	article use	"replace 'a' with 'the'"
107	474	uE0oBTXTpelT	42	1003	1058	Academic we/unclear	"Suggested replacement: 'Following this tradition, this paper investigates...'"
107	475	uE0oBTXTpelT	42	1988	1990	article use	"delete 'a'"
107	476	uE0oBTXTpelT	43	1299	1306	replace	"almost with 'mostly'"
107	477	uE0oBTXTpelT	43	2252	2257	delete also	"'double addition'"
107	478	uE0oBTXTpelT	45	64	74	brackets	"insert ')' after reference."
107	479	uE0oBTXTpelT	45	722	889	brackets	"insert square brackets, as in the Czech example"
107	480	uE0oBTXTpelT	45	1382	1384	delete	""
107	481	uE0oBTXTpelT	46	1199	1203	60%	""
107	482	uE0oBTXTpelT	48	59	60	percentage	""
107	483	uE0oBTXTpelT	51	1646	1653	in a text	""
107	484	uE0oBTXTpelT	52	561	564	5%	""
107	485	uE0oBTXTpelT	52	1866	1899	add brackets to the URL	""
107	486	PDuQB63UOdpR	117	535	593	In brackets	"'relations (Becher 2011; [...] 2014).'"
107	487	PDuQB63UOdpR	121	1129	1131	Number 7	"(7)"
107	488	PDuQB63UOdpR	125	1060	1062	New adv	"Thus?  or, In this way? It depends on the meaning"
107	489	bHBumnouCh9T	19	1771	1784	Schiffrin again	""
107	490	SW0GOmGdRJE6	72	1181	1188	add 'the' --> 'the result'	""
107	491	_qyfXDdylYT6	27	1380	1383	a	""
107	492	qFw-8yyxJztY	62	1050	1064	See further where?	""
107	493	qFw-8yyxJztY	63	2484	2491	See Figure 2	""
107	494	qFw-8yyxJztY	67	1409	1421	See further where?	""
107	495	qFw-8yyxJztY	74	1639	1640	Use comma, not colon	""
107	496	qFw-8yyxJztY	72	512	516	Comma or decimal point?	"Pick one and be consistent throughout in text and tables"
107	497	qFw-8yyxJztY	81	632	888	DOIs?	""
107	498	jtiYGA9xghqQ	36	1965	1993	what are the slashes doing here?	""
107	499	uE0oBTXTpelT	43	270	273	Academic we	"use 'I'"
107	500	uE0oBTXTpelT	46	1061	1062	Insert ', see Figure 2'	""
107	501	uE0oBTXTpelT	47	514	517	49%	""
107	502	uE0oBTXTpelT	52	461	464	35%	""
107	503	bHBumnouCh9T	17	1936	1940	detailed?	""
107	504	qFw-8yyxJztY	58	2244	2245	delete comma	""
107	505	_qyfXDdylYT6	22	1138	1139	the	""
107	506	SW0GOmGdRJE6	79	901	905	full name?	""
107	507	_qyfXDdylYT6	26	1481	1484	remove 'the'	""
107	508	_qyfXDdylYT6	27	175	179	remove 'the'	""
107	509	_qyfXDdylYT6	28	312	323	to be connectives	""
107	510	_qyfXDdylYT6	28	519	524	remove 'that'	""
107	511	qFw-8yyxJztY	61	2324	2327	Re-align footnote number.	""
107	512	qFw-8yyxJztY	62	599	625	Is this necessary? Why so-called?	"Consider deleting or putting in parentheses."
107	513	qFw-8yyxJztY	67	720	755	Consider clarifying as:	"'The purpose of this method is threefold: (1) to support the identification...(2) to...(3) to...' etc."
107	514	qFw-8yyxJztY	68	67	101	Try to end/set on previous page.	""
107	515	qFw-8yyxJztY	79	1258	1269	Publisher?	""
107	516	qFw-8yyxJztY	80	894	901	Necessary?	""
107	517	jtiYGA9xghqQ	31	726	737	rise to	""
107	518	jtiYGA9xghqQ	37	184	192	to a large	""
107	519	j8T8qo3a8dMI	18	2026	2029	PDiT	"The wrong abbreviation. There must be 'PDiT'."
107	520	j8T8qo3a8dMI	32	110	113	PDiT	""
107	521	uE0oBTXTpelT	42	2463	2473	insert	"'...structure, mainly in terms of contextual boundness."
107	522	uE0oBTXTpelT	43	623	625	replace	"1"
107	523	uE0oBTXTpelT	52	1777	1796	dependency treebank	""
107	524	uE0oBTXTpelT	54	1068	1072	LREC	""
107	525	PDuQB63UOdpR	112	1029	1031	Synonym	"Thus?"
107	526	PDuQB63UOdpR	114	242	243	erase comma	""
107	527	PDuQB63UOdpR	116	1956	1957	erase	"Erase one bracket"
107	528	bHBumnouCh9T	17	386	388	'We' for single author	"should it be 'I'?"
107	529	bHBumnouCh9T	22	2584	2588	fewer	""
107	530	_qyfXDdylYT6	21	80	146	in order to avoid incomplete annot...	""
107	531	_qyfXDdylYT6	27	858	864	until	""
107	532	_qyfXDdylYT6	28	507	515	complete	""
107	533	qFw-8yyxJztY	59	467	479	Should this be (2006: 7)?	""
107	534	qFw-8yyxJztY	66	2113	2114	Delete one parenthesis	""
107	535	qFw-8yyxJztY	69	632	638	If these are steps, number?	""
107	536	qFw-8yyxJztY	75	2697	2709	Remove single quotes	""
107	537	j8T8qo3a8dMI	30	1658	1661	PDiT	""
107	538	j8T8qo3a8dMI	33	1806	1836	Remove the bracket.	"It is already published."
107	539	uE0oBTXTpelT	41	746	765	replace highlighted with	"comprehensible"
107	540	uE0oBTXTpelT	42	2474	2476	Academic we	"use 'I'"
107	541	uE0oBTXTpelT	43	259	263	Academic we	"replace our with 'these'"
107	542	uE0oBTXTpelT	44	2055	2062	Insert	"insert last clause of paragraph to this point"
107	543	uE0oBTXTpelT	47	1048	1068	academic we	"replace highlighted with 'The '"
107	544	uE0oBTXTpelT	49	83	84	delete bracket	""
107	545	uE0oBTXTpelT	51	170	176	27%	""
107	546	uE0oBTXTpelT	52	512	516	60%	""
107	547	uE0oBTXTpelT	52	1003	1019	based on the data	""
107	548	uE0oBTXTpelT	54	149	178	Kral, Pavel & Matousek, Vaclav	""
107	549	uE0oBTXTpelT	54	819	969	last_name, first_name	""
107	550	PDuQB63UOdpR	118	1779	1799	layout to improve	""
107	551	_qyfXDdylYT6	19	1178	1197	and others include	""
107	552	_qyfXDdylYT6	19	1656	1665	, who	""
107	553	_qyfXDdylYT6	22	1889	1910	Therefore we see	""
107	554	_qyfXDdylYT6	24	167	171	lie? are?	""
107	555	_qyfXDdylYT6	26	817	848	can be removed	""
107	556	_qyfXDdylYT6	26	1527	1531	remove 'the'	""
107	557	_qyfXDdylYT6	27	1307	1328	Also very frequent is	""
107	558	_qyfXDdylYT6	28	778	794	may also be seen	""
107	559	qFw-8yyxJztY	60	1767	1769	Insert space after colon.	"Insert space after colon."
107	560	qFw-8yyxJztY	61	1015	1031	Reference missing?	""
107	561	qFw-8yyxJztY	61	1139	1146	Insert space after 'Text'	""
107	562	qFw-8yyxJztY	63	2121	2376	Indent quote as it is over three lines?	""
107	563	qFw-8yyxJztY	71	476	485	Why so-called?	""
107	564	qFw-8yyxJztY	79	1565	1568	Delete?	""
107	565	qFw-8yyxJztY	79	2100	2237	Use DOI?	""
107	566	jtiYGA9xghqQ	31	867	869	to	""
107	567	jtiYGA9xghqQ	33	1791	1862	Reformulate	"I don't understand what this is supposed to mean"
107	568	jtiYGA9xghqQ	33	1745	1746	This opening bracket is never closed.	""
107	569	j8T8qo3a8dMI	30	1565	1568	PDiT	""
107	570	j8T8qo3a8dMI	32	70	73	PDiT	""
107	571	j8T8qo3a8dMI	33	1665	1695	The Prague Discourse Treebank	""
107	572	uE0oBTXTpelT	41	815	829	article use	"in a theoretical"
107	573	uE0oBTXTpelT	41	1867	1879	article use	"'are the general...'"
107	574	uE0oBTXTpelT	42	856	859	Abbreviation	"This is the first example of the abbreviation. Please use the full title 'Prague Dependency Treebank (PDT)'"
107	575	uE0oBTXTpelT	42	2362	2390	Academic we	"Replace 'generally... focus' with 'This paper focuses...'"
107	576	uE0oBTXTpelT	43	48	51	replace	"'on' with 'using'"
107	577	uE0oBTXTpelT	46	840	844	60%	""
107	578	uE0oBTXTpelT	49	1191	1227	Thus, the two described	""
107	579	uE0oBTXTpelT	51	369	406	the following conclusions can be drawn	""
107	580	uE0oBTXTpelT	51	1891	1909	confusing	""
107	581	uE0oBTXTpelT	52	33	63	delete	""
107	582	uE0oBTXTpelT	52	1065	1068	35%	""
107	583	PDuQB63UOdpR	128	969	974	Erase space	"Erase blank space between ( and 'um'"
107	584	PDuQB63UOdpR	132	1746	1779	erase	"'in Lapshinova-Koltunski (2015a)'"
107	585	bHBumnouCh9T	17	963	964	Spacing too wide?	""
107	586	_qyfXDdylYT6	19	1383	1386	with	""
107	587	_qyfXDdylYT6	22	1344	1348	were	""
107	588	qFw-8yyxJztY	79	339	453	Use DOI instead?	""
107	589	qFw-8yyxJztY	79	205	212	Period or colon here and elsewhere?	"May need to rectify in all references of journal articles below."
107	590	jtiYGA9xghqQ	35	485	488	where	""
107	591	j8T8qo3a8dMI	35	1756	1759	PDiT	""
107	592	j8T8qo3a8dMI	34	1025	1028	PDiT	""
107	593	j8T8qo3a8dMI	37	822	825	PDiT	""
107	594	j8T8qo3a8dMI	31	2479	2486	'...the phrases like...'	""
107	595	j8T8qo3a8dMI	31	1930	1933	PDiT	""
107	596	j8T8qo3a8dMI	29	74	85	Add citation.	"'... primary connectives (firstly introduced by Rysová and Rysová 2014)'  It is already present in the list of references."
107	597	j8T8qo3a8dMI	31	1849	1902	Shorten the title of the section.	"Only 'Other connecting phrases'"
107	598	j8T8qo3a8dMI	29	1919	1931	Add citation.	"'... secondary connectives (the term firstly used by Rysová and Rysová 2014).'  It is already present in the list of references."
107	599	j8T8qo3a8dMI	29	1905	1931	This should be in bold.	""
107	600	j8T8qo3a8dMI	34	461	464	PDiT	""
107	601	j8T8qo3a8dMI	35	2118	2121	PDiT	""
107	602	j8T8qo3a8dMI	33	2103	2106	PDiT	""
107	603	j8T8qo3a8dMI	35	872	875	PDiT	""
107	604	j8T8qo3a8dMI	31	2517	2558	Remove this example.	""
107	605	j8T8qo3a8dMI	38	1968	1980	Pavlína Jínová	""
107	606	j8T8qo3a8dMI	38	2012	2023	Jiří Mírovský	""
107	607	j8T8qo3a8dMI	31	2597	2621	'in many various contexts'	""
107	608	j8T8qo3a8dMI	38	294	339	Missing information.	"Discourse Markers. Cambridge: Cambridge University Press, 1987. ISBN  9780511611841"
107	609	j8T8qo3a8dMI	33	1746	1762	Add the version of PDiT.	"'(finished in 2012 as PDiT 1.0, see Poláková et al. 2012)'"
107	610	j8T8qo3a8dMI	34	1211	1247	the Prague Discourse Treebank (PDiT)	""
107	611	j8T8qo3a8dMI	34	1528	1531	PDiT	""
107	612	j8T8qo3a8dMI	34	1649	1652	PDiT	""
107	613	j8T8qo3a8dMI	34	1476	1478	PDiT	""
107	614	j8T8qo3a8dMI	29	2191	2212	Remove this example.	""
107	615	j8T8qo3a8dMI	39	696	754	Wrong Czech.	"Rejzek, Jiří. 2001. Český etymologický slovník. Nakladatelství LEDA."
107	616	j8T8qo3a8dMI	39	2286	2313	Prague Dependency Treebank	""
107	617	j8T8qo3a8dMI	37	1668	1753	Wrong Czech.	"Jaroslav Bauer. 1963. Podíl citoslovcí na vzniku českých spojek. Sborník prací Filosofické fakulty brněnské university A 11, pp. 21–28."
107	618	j8T8qo3a8dMI	34	241	244	PDiT	""
107	619	j8T8qo3a8dMI	37	1591	1667	Wrong Czech.	"Jaroslav Bauer. 1962. Spojky a příslovce. Sborník prací Filosofické fakulty brněnské university A 10, pp. 29–37."
107	620	j8T8qo3a8dMI	29	44	56	'We use the term...'	""
107	621	j8T8qo3a8dMI	34	93	96	PDiT	""
107	622	j8T8qo3a8dMI	33	1789	1790	)	") instead of ;"
107	623	j8T8qo3a8dMI	34	1917	1920	PDiT	""
107	624	j8T8qo3a8dMI	38	1409	1522	Wrong Czech.	"Josef Holub, František Kopečný. 1952. Etymologický slovník jazyka českého. Praha, Státní nakladatelství učebnic v Praze."
107	625	j8T8qo3a8dMI	39	1471	1478	Wrong Czech name.	"Jiří Mírovský"
107	626	j8T8qo3a8dMI	37	1754	2145	Remove this reference.	"Replace it by:  Rysová Magdaléna, Synková Pavlína, Mírovský Jiří, Hajičová Eva, Nedoluzhko Anna, Ocelák Radek, Pergler Jiří, Poláková Lucie, Pavlíková Veronika, Zdeňková Jana, Zikánová Šárka: Prague Discourse Treebank 2.0. Data/software, ÚFAL MFF UK, Prague, Czech Republic, http://hdl.handle.net/11234/1-1905, Dec 2016  BibTeX: @misc{ biblio:RySyPragueDiscourse2016, title = {Prague Discourse Treebank 2.0}, author = {Magdal{\'{e}}na Rysov{\'{a}} and Pavl{\'{i}}na Synkov{\'{a}} and Ji{\v{r}}{\'{i}} M{\'{i}}rovsk{\'{y}} and Eva Haji{\v{c}}ov{\'{a}} and Anna Nedoluzhko and Radek Ocel{\'{a}}k and Ji{\v{r}}{\'{i}} Pergler and Lucie Pol{\'{a}}kov{\'{a}} and Veronika Pavl{\'{i}}kov{\'{a}} and Jana Zde{\v{n}}kov{\'{a}} and {\v{S}}{\'{a}}rka Zik{\'{a}}nov{\'{a}}}, year = {2016}, publisher = {{\'{U}}{FAL} {MFF} {UK}}, organization = {{\'{U}}{FAL} {MFF} {UK}}, address = {Prague, Czech Republic}, }"
107	627	j8T8qo3a8dMI	38	2069	2077	Pavlíková	""
107	628	j8T8qo3a8dMI	38	2094	2097	Jiří	""
107	629	j8T8qo3a8dMI	33	1872	1895	Add the version of PDiT.	"'...connecting phrases (published in 2016 as PDiT 2.0, see Rysová et al. 2016; for more information see also Rysová & Rysová 2014)."
107	630	j8T8qo3a8dMI	39	755	902	Wrong citation	"Kateřina Rysová. 2014. O slovosledu z komunikačního pohledu [On Word Order from the Communicative Point of View]. Prague: Institute of Formal and Applied Linguistics. ISBN 978-80-904571-5-7."
107	631	j8T8qo3a8dMI	52	0	8	Kateřina	""
107	632	j8T8qo3a8dMI	53	1868	1879	Jiří Mírovský	""
107	633	9sD3UZNqtzuq	137	1876	1899	needs to learn to use	""
107	634	9sD3UZNqtzuq	138	297	329	better: Barzilay & Lapata's work (2008)	""
107	635	9sD3UZNqtzuq	138	2310	2311	remove comma	""
107	636	9sD3UZNqtzuq	152	312	340	should this be displayed here?	""
107	637	j8T8qo3a8dMI	25	1235	1246	Remove 'therefore'	"'dafür' lit. for this/that"
107	638	j8T8qo3a8dMI	28	2424	2448	Add brackets	"'... ungrammatical structures (i.e. we cannot say 'The weather is nice. *Due to, I will go to the beach.') and need to...'"
107	639	j8T8qo3a8dMI	39	1635	1691	Linguistic Annotation Workshop	""
107	640	j8T8qo3a8dMI	41	85	93	Kateřina	""
107	641	j8T8qo3a8dMI	53	1486	1597	Wrong Czech	"Rozšířená textová koreference a asociační anafora (Koncepce anotace českých dat v Pražském závislostním korpusu)"
107	642	j8T8qo3a8dMI	39	1081	1085	LREC	""
107	643	9sD3UZNqtzuq	138	2023	2024	remove comma	""
107	644	9sD3UZNqtzuq	146	1245	1246	remove comma	""
107	645	bHBumnouCh9T	24	592	596	informal	"I'd leave out this adverb"
107	646	j8T8qo3a8dMI	157	270	278	Wrong Czech name.	"Mírovský"
107	647	j8T8qo3a8dMI	39	1953	2042	capital letters	"Pacific Asia Conference on Language, Information and Computing"
107	648	j8T8qo3a8dMI	42	0	8	Kateřina	""
107	649	j8T8qo3a8dMI	52	1715	1731	Wrong author.	"There should be Magda Ševčíková.  Bejček Eduard, Hajičová Eva, Hajič Jan, Jínová Pavlína, Kettnerová Václava, Kolářová Veronika, Mikulová Marie, Mírovský Jiří, Nedoluzhko Anna, Panevová Jarmila, Poláková Lucie, Ševčíková Magda, Štěpánek Jan, Zikánová Šárka: Prague Dependency Treebank 3.0. Data/software, Univerzita Karlova v Praze, MFF, ÚFAL, Prague, Czech republic, http://ufal.mff.cuni.cz/pdt3.0/, Dec 2013"
107	650	9sD3UZNqtzuq	140	224	231	summing up	""
107	651	j8T8qo3a8dMI	156	1351	1358	Wrong Czech name.	"Kopečný"
107	652	bHBumnouCh9T	24	2694	2701	references	"Does that mean that all of your translations  and origins (dass, naemlich, jedoch etc.) are taken from them?"
107	653	bHBumnouCh9T	24	2114	2115	no comma	""
107	654	j8T8qo3a8dMI	52	1651	1661	Jiří Mírovský	""
107	655	9sD3UZNqtzuq	141	1861	1874	cross-lingual?	"why not cross-language? or cross-linguistic?"
107	656	bHBumnouCh9T	26	257	293	avoid stranded headings	"(consult editor)"
107	657	9sD3UZNqtzuq	152	520	549	should this be displayed here?	""
107	658	j8T8qo3a8dMI	30	2767	2781	Wrong Czech name.	"Mírovský"
107	659	j8T8qo3a8dMI	29	1208	1227	strictly closed	"Replace 'sharply surrounded' by 'strictly closed'"
107	660	j8T8qo3a8dMI	39	1277	1366	capital letters	"Ninth International Conference on Language Resources and Evaluation"
107	661	j8T8qo3a8dMI	39	1569	1595	Prague Dependency Treebank	""
107	662	j8T8qo3a8dMI	53	1855	1866	Pavlína Jínová	""
107	663	9sD3UZNqtzuq	141	998	1003	see previous comment	""
107	664	j8T8qo3a8dMI	41	101	129	Wrong name of university.	"The name of the university has been changed. It is now only 'Charles University'."
107	665	j8T8qo3a8dMI	50	0	8	Kateřina	""
107	666	j8T8qo3a8dMI	54	117	145	Prague Dependency Treebank	""
107	667	j8T8qo3a8dMI	157	841	899	This should be under a single entry.	""
107	668	j8T8qo3a8dMI	48	0	8	Kateřina	""
107	669	bHBumnouCh9T	26	1857	1864	informal	"'As in the present-day/contemporary conjunction...'"
107	670	bHBumnouCh9T	27	2219	2220	indent	"consult editor when to ignore indents (e.g. after a list, like here)"
107	671	j8T8qo3a8dMI	38	1181	1185	Space missing	"A. K."
107	672	j8T8qo3a8dMI	39	2353	2431	capital letters	"Proceedings of the Third International Conference on Dependency Linguistics (Depling 2015)"
107	673	j8T8qo3a8dMI	44	0	8	Kateřina	""
107	674	j8T8qo3a8dMI	46	0	9	Kateřina	""
107	675	j8T8qo3a8dMI	53	1785	1802	coreference link	""
107	676	j8T8qo3a8dMI	17	100	128	Wrong name of university.	"The name of  the university has been changed. Now it is only 'Charles University'."
107	677	j8T8qo3a8dMI	39	1368	1372	LREC	""
107	678	j8T8qo3a8dMI	38	1565	1610	capital letters	"Das Digitale Wörterbuch der Deutschen Sprache"
107	679	j8T8qo3a8dMI	53	1686	1693	formální	""
107	680	j8T8qo3a8dMI	54	0	9	Kateřina	""
107	681	9sD3UZNqtzuq	146	849	850	remove comma	""
107	682	j8T8qo3a8dMI	39	638	662	Penn Discourse Treebank	""
107	683	j8T8qo3a8dMI	39	397	420	Penn Discourse Treebank	""
107	684	j8T8qo3a8dMI	38	1720	1730	English	""
107	685	j8T8qo3a8dMI	52	1583	1594	Pavlína Jínová	""
107	686	j8T8qo3a8dMI	53	2261	2270	Abstract	""
107	687	9sD3UZNqtzuq	141	2519	2550	bibtex command	"change to \citeyearpar instead of \citep and move to the end of the quotation."
107	688	j8T8qo3a8dMI	39	994	1079	capital letters	"International Conference on Language Resources and Evaluation"
107	689	j8T8qo3a8dMI	53	1401	1402	Space missing	""
107	690	9sD3UZNqtzuq	141	797	803	AE or BE	"in British English, there should be no comma after 'i.e.' Please note that you do use British spelling, for example 'realised' (below)"
107	691	9sD3UZNqtzuq	148	1533	1545	our findings	""
107	692	9sD3UZNqtzuq	150	1358	1377	29, by comparison, scores...	""
107	693	9sD3UZNqtzuq	150	1175	1203	documents, for example,	""
107	694	9sD3UZNqtzuq	151	620	628	detected	""
107	695	9sD3UZNqtzuq	150	701	726	is not large enough	""
107	696	9sD3UZNqtzuq	151	338	350	with respect to	""
107	697	9sD3UZNqtzuq	151	1202	1221	better account for	""
107	698	9sD3UZNqtzuq	151	1910	1914	take into account	""
107	699	9sD3UZNqtzuq	151	1399	1419	to register and identify	""
